VNM	Viet Nam
VGB	Virgin Islands, British
VIR	Virgin Islands, U.S.
WLF	Wallis and Futuna
ESH	Western Sahara
YEM	Yemen
ZMB	Zambia
ZWE	Zimbabwe
AFG	Afghanistan
ALA	Aland Islands
ALB	Albania
DZA	Algeria
ASM	American Samoa
AND	Andorra
AGO	Angola
AIA	Anguilla
ATA	Antarctica
ATG	Antigua and Barbuda
ARG	Argentina
ARM	Armenia
ABW	Aruba
AUS	Australia
AUT	Austria
AZE	Azerbaijan
BHS	Bahamas
BHR	Bahrain
BGD	Bangladesh
BRB	Barbados
BLR	Belarus
BEL	Belgium
BLZ	Belize
BEN	Benin
BMU	Bermuda
BTN	Bhutan
BOL	Bolivia
BIH	Bosnia and Herzegovina
BWA	Botswana
BRA	Brazil
BRN	Brunei Darussalam
BGR	Bulgaria
BFA	Burkina Faso
BDI	Burundi
KHM	Cambodia
CMR	Cameroon
CAN	Canada
CPV	Cape Verde
CYM	Cayman Islands
CAF	Central African Republic
TCD	Chad
CHL	Chile
CHN	China
KAZ	Kazakhstan
KEN	Kenya
KIR	Kiribati
KWT	Kuwait
KGZ	Kyrgyzstan
LAO	Lao People's Democratic Republic
LBR	Liberia
LVA	Latvia
LBN	Lebanon
LSO	Lesotho
LBY	Libya
LIE	Liechtenstein
LTU	Lithuania
LUX	Luxembourg
MAC	Macao
MKD	Macedonia, the former Yugoslav Republic of
MDG	Madagascar
MWI	Malawi
MYS	Malaysia
MDV	Maldives
MLI	Mali
MLT	Malta
MHL	Marshall Islands
MTQ	Martinique
MRT	Mauritania
MUS	Mauritius
MEX	Mexico
FSM	Micronesia, Federated States of
MDA	Moldova, Republic of
MCO	Monaco
MNG	Mongolia
MNE	Montenegro
MSR	Montserrat
MAR	Morocco
MOZ	Mozambique
MMR	Myanmar
NAM	Namibia
NRU	Nauru
NPL	Nepal
NLD	Netherlands
NCL	New Caledonia
NZL	New Zealand
NIC	Nicaragua
NER	Niger
NGA	Nigeria
NIU	Niue
NFK	Norfolk Island
PRK	North Korea, Democratic People's Republic of
NOR	Norway
OMN	Oman
PAK	Pakistan
PLW	Palau
PAN	Panama
PNG	Papua New Guinea
PRY	Paraguay
PER	Peru
PHL	Philippines
PCN	Pitcairn
POL	Poland
PRT	Portugal
PRI	Puerto Rico
QAT	Qatar
ROU	Romania
RUS	Russian Federation
RWA	Rwanda
BLM	Saint Barthelemy
VCT	Saint Vincent and the Grenadines
WSM	Samoa
SMR	San Marino
SAU	Saudi Arabia
SEN	Senegal
SRB	Serbia
SYC	Seychelles
SLE	Sierra Leone
SGP	Singapore
SVK	Slovakia
SVN	Slovenia
SLB	Solomon Islands
SOM	Somalia
ZAF	South Africa
KOR	South Korea, Republic of
ESP	Spain
LKA	Sri Lanka
SDN	Sudan
SUR	Suriname
SWZ	Swaziland
SWE	Sweden
CHE	Switzerland
SYR	Syria
TWN	Taiwan, Province of China
TJK	Tajikistan
TZA	Tanzania, United Republic of
THA	Thailand
TLS	Timor-Leste
TGO	Togo
TKL	Tokelau
TON	Tonga
TTO	Trinidad and Tobago
TUN	Tunisia
TUR	Turkey
TKM	Turkmenistan
TUV	Tuvalu
UGA	Uganda
UKR	Ukraine
ARE	United Arab Emirates
GBR	United Kingdom
USA	United States
URY	Uruguay
UZB	Uzbekistan
COD	Congo, the Democratic Republic of the
COK	Cook Islands
CRI	Costa Rica
HRV	Croatia
CUB	Cuba
CUW	Curacao
CYP	Cyprus
CZE	Czech Republic
DNK	Denmark
DJI	Djibouti
DMA	Dominica
DOM	Dominican Republic
ECU	Ecuador
EGY	Egypt
SLV	El Salvador
GNQ	Equatorial Guinea
ERI	Eritrea
EST	Estonia
ETH	Ethiopia
FLK	Falkland Islands (Malvinas)
FJI	Fiji
FIN	Finland
FRA	France
GUF	French Guiana
PYF	French Polynesia
GAB	Gabon
GMB	Gambia
GEO	Georgia
DEU	Germany
GHA	Ghana
GIB	Gibraltar
GRC	Greece
GRL	Greenland
GRD	Grenada
GLP	Guadeloupe
GUM	Guam
GTM	Guatemala
GGY	Guernsey
GIN	Guinea
GNB	Guinea-Bissau
GUY	Guyana
HTI	Haiti
HND	Honduras
HKG	Hong Kong
HUN	Hungary
ISL	Iceland
IND	India
IDN	Indonesia
IRN	Iran
IRQ	Iraq
IRL	Ireland
ISR	Israel
ITA	Italy
CIV	Ivory Coast
JAM	Jamaica
JPN	Japan
JOR	Jordan
VUT	Vanuatu
VAT	Vatican City State, Holy See
VEN	Venezuela, Bolivarian Republic of
COL	Colombia
COM	Comoros
COG	Congo